Customer_Id,Name,Gender,Age
1,Ishaan,Male,57
2,Misha,Female,19
3,Myra,Female,60
4,Myra,Female,41
5,Avni,Female,44
6,Siddharth,Male,38
7,Myra,Female,20
8,Siya,Female,28
9,Siya,Female,20
10,Rohan,Male,28
11,Arjun,Male,21
12,Aditya,Male,22
13,Misha,Female,15
14,Kavya,Female,41
15,Aisha,Female,28
16,Siddharth,Male,29
17,Rahul,Male,55
18,Aryan,Male,14
19,Siya,Female,15
20,Rohan,Male,17
21,Aarav,Male,20
22,Aisha,Female,29
23,Anaya,Female,21
24,Avni,Female,56
25,Avni,Female,11
26,Siddharth,Male,48
27,Misha,Female,36
28,Aditya,Male,48
29,Ira,Female,55
30,Tara,Female,31
31,Misha,Female,34
32,Aisha,Female,24
33,Ishaan,Male,23
34,Aditya,Male,54
35,Siddharth,Male,19
36,Siya,Female,27
37,Siddharth,Male,60
38,Aditya,Male,17
39,Rohan,Male,31
40,Ira,Female,56
41,Ira,Female,32
42,Aryan,Male,24
43,Aisha,Female,33
44,Rohan,Male,34
45,Aditya,Male,31
46,Avni,Female,22
47,Tara,Female,38
48,Siddharth,Male,12
49,Vivaan,Male,42
50,Aryan,Male,53
51,Kavya,Female,20
52,Vivaan,Male,47
53,Aarav,Male,38
54,Myra,Female,26
55,Aditya,Male,46
56,Kabir,Male,15
57,Kavya,Female,21
58,Kavya,Female,37
59,Myra,Female,11
60,Myra,Female,36
61,Rahul,Male,54
62,Myra,Female,60
63,Kavya,Female,13
64,Ishaan,Male,58
65,Kavya,Female,56
66,Riya,Female,55
67,Riya,Female,29
68,Kabir,Male,41
69,Rohan,Male,36
70,Ishaan,Male,20
71,Misha,Female,18
72,Tara,Female,42
73,Riya,Female,22
74,Aarav,Male,20
75,Ira,Female,21
76,Rahul,Male,20
77,Arjun,Male,21
78,Rohan,Male,31
79,Kavya,Female,20
80,Avni,Female,33
81,Tara,Female,30
82,Kavya,Female,27
83,Anaya,Female,44
84,Riya,Female,41
85,Vivaan,Male,15
86,Ishaan,Male,32
87,Rohan,Male,21
88,Aryan,Male,37
89,Aisha,Female,19
90,Myra,Female,26
91,Kabir,Male,19
92,Anaya,Female,32
93,Rohan,Male,45
94,Ishaan,Male,18
95,Rahul,Male,19
96,Siddharth,Male,14
97,Myra,Female,11
98,Kabir,Male,20
99,Rahul,Male,23
100,Siddharth,Male,22
101,Aditya,Male,24
102,Ira,Female,37
103,Aryan,Male,59
104,Ishaan,Male,20
105,Misha,Female,22
106,Riya,Female,35
107,Kabir,Male,24
108,Rahul,Male,23
109,Misha,Female,23
110,Anaya,Female,53
111,Avni,Female,23
112,Ishaan,Male,37
113,Ishaan,Male,57
114,Siya,Female,15
115,Rahul,Male,59
116,Rohan,Male,29
117,Tara,Female,17
118,Anaya,Female,28
119,Ira,Female,17
120,Kabir,Male,18
121,Rohan,Male,43
122,Tara,Female,15
123,Aisha,Female,40
124,Misha,Female,47
125,Riya,Female,22
126,Anaya,Female,24
127,Siya,Female,47
128,Tara,Female,53
129,Myra,Female,47
130,Ira,Female,37
131,Misha,Female,29
132,Anaya,Female,20
133,Avni,Female,31
134,Myra,Female,11
135,Avni,Female,46
136,Anaya,Female,39
137,Aisha,Female,18
138,Siya,Female,13
139,Vivaan,Male,21
140,Siya,Female,34
141,Riya,Female,31
142,Anaya,Female,20
143,Aarav,Male,51
144,Siddharth,Male,45
145,Kavya,Female,23
146,Kavya,Female,24
147,Myra,Female,51
148,Ishaan,Male,20
149,Rahul,Male,22
150,Arjun,Male,38
151,Ishaan,Male,19
152,Rahul,Male,23
153,Rohan,Male,51
154,Ira,Female,28
155,Anaya,Female,57
156,Siya,Female,34
157,Kavya,Female,33
158,Vivaan,Male,15
159,Riya,Female,53
160,Avni,Female,36
161,Vivaan,Male,23
162,Anaya,Female,55
163,Aarav,Male,22
164,Aditya,Male,17
165,Misha,Female,36
166,Rohan,Male,17
167,Ira,Female,28
168,Ishaan,Male,55
169,Aisha,Female,53
170,Siya,Female,20
171,Avni,Female,19
172,Vivaan,Male,26
173,Kabir,Male,36
174,Kavya,Female,49
175,Aisha,Female,15
176,Ira,Female,60
177,Vivaan,Male,19
178,Avni,Female,36
179,Ishaan,Male,21
180,Anaya,Female,14
181,Vivaan,Male,20
182,Aisha,Female,22
183,Ishaan,Male,33
184,Rohan,Male,50
185,Tara,Female,22
186,Misha,Female,38
187,Rahul,Male,20
188,Misha,Female,39
189,Misha,Female,50
190,Siya,Female,28
191,Aryan,Male,19
192,Aryan,Male,34
193,Aditya,Male,26
194,Ira,Female,41
195,Kavya,Female,22
196,Ishaan,Male,44
197,Ira,Female,19
198,Arjun,Male,12
199,Riya,Female,20
200,Aditya,Male,19
201,Aryan,Male,11
202,Ira,Female,18
203,Riya,Female,10
204,Rahul,Male,24
205,Avni,Female,32
206,Tara,Female,11
207,Siya,Female,14
208,Kabir,Male,19
209,Vivaan,Male,40
210,Riya,Female,38
211,Riya,Female,42
212,Kavya,Female,20
213,Ira,Female,17
214,Misha,Female,29
215,Aditya,Male,43
216,Aisha,Female,21
217,Aryan,Male,12
218,Aditya,Male,28
219,Siddharth,Male,42
220,Avni,Female,13
221,Ishaan,Male,22
222,Myra,Female,42
223,Kavya,Female,53
224,Riya,Female,49
225,Riya,Female,30
226,Avni,Female,45
227,Kavya,Female,39
228,Rahul,Male,23
229,Vivaan,Male,15
230,Myra,Female,49
231,Tara,Female,42
232,Ishaan,Male,23
233,Misha,Female,43
234,Myra,Female,17
235,Aditya,Male,19
236,Rahul,Male,39
237,Aisha,Female,25
238,Aisha,Female,21
239,Avni,Female,43
240,Vivaan,Male,15
241,Aisha,Female,32
242,Ira,Female,20
243,Kabir,Male,21
244,Vivaan,Male,28
245,Aarav,Male,53
246,Avni,Female,44
247,Riya,Female,46
248,Aarav,Male,28
249,Rohan,Male,57
250,Avni,Female,14
251,Siya,Female,38
252,Avni,Female,21
253,Siddharth,Male,59
254,Myra,Female,26
255,Arjun,Male,30
256,Ishaan,Male,41
257,Ishaan,Male,39
258,Kavya,Female,22
259,Aarav,Male,21
260,Anaya,Female,24
261,Kavya,Female,18
262,Rahul,Male,23
263,Siddharth,Male,15
264,Ira,Female,22
265,Avni,Female,40
266,Ira,Female,44
267,Tara,Female,55
268,Tara,Female,23
269,Kavya,Female,51
270,Myra,Female,45
271,Aisha,Female,52
272,Aisha,Female,54
273,Riya,Female,23
274,Avni,Female,23
275,Rahul,Male,37
276,Aryan,Male,22
277,Aryan,Male,38
278,Arjun,Male,20
279,Siya,Female,14
280,Rahul,Male,16
281,Rohan,Male,27
282,Aisha,Female,16
283,Siddharth,Male,21
284,Aryan,Male,20
285,Siddharth,Male,18
286,Aryan,Male,35
287,Tara,Female,11
288,Kabir,Male,30
289,Avni,Female,41
290,Siya,Female,15
291,Rohan,Male,37
292,Myra,Female,14
293,Misha,Female,47
294,Tara,Female,49
295,Ishaan,Male,12
296,Ira,Female,15
297,Tara,Female,59
298,Vivaan,Male,50
299,Misha,Female,40
300,Aisha,Female,42
301,Kartik,Female,35
302,Bindu,Female,35
303,Sudevi,Male,16
304,Joni,Male,28
305,Joni,Male,28
306,Balk,Female,25
307,Kushal,Male,35
308,Ginny,Female,26
309,Harshita,Male,34
310,Kargatis,Female,20
311,Elijah,Female,20
312,Vasudev,Male,26
313,Lauren,Female,24
314,Mick,Female,29
315,Praneet,Male,54
316,Praneet,Male,54
317,Ellis,Female,19
318,Hrisheekesh,Female,46
319,Grant,Female,30
320,Gilcrest,Female,53
321,Skaria,Male,83
322,Eric,Female,33
323,Gibson,Female,40
324,Mahima,Female,25
325,Etezadi,Male,54
326,James,Female,39
327,Dean,Female,20
328,Aman,Female,32
329,Mousam,Female,36
330,Damala,Female,35
331,Daniels,Female,55
332,Inderpreet,Male,27
333,Sweta,Male,20
334,Phonely,Female,32
335,Maleike,Male,72
336,Dean,Female,25
337,Neola,Male,35
338,Trupti,Male,30
339,Zypern,Male,16
340,Ellison,Female,40
341,Jane,Female,35
342,Stewart,Male,45
343,Breyer,Female,28
344,Jesslyn,Male,32
345,Abhijit,Female,32
346,Vineet,Female,53
347,Elizabeth,Female,43
348,Shivani,Male,29
349,Eugene,Female,47
350,Ishit,Female,35
351,Schwarz,Female,22
352,Sujay,Male,34
353,Smriti,Female,33
354,Champaklata,Female,36
355,Patil,Female,52
356,Atharv,Male,18
357,Thais,Male,39
358,Surabhi,Male,34
359,Bruce,Female,33
360,Saurabh,Male,21
361,Vaibhavi,Female,38
362,Larry,Female,28
363,Parhena,Female,37
364,Pete,Male,20
365,Cyra,Male,23
366,Rozendal,Female,34
367,Jack,Male,49
368,Victor,Male,38
369,Debra,Female,30
370,Bhosale,Female,25
371,Keshav,Male,19
372,Arsheen,Male,42
373,Kaydos,Female,38
374,Femalejeld,Female,21
375,TuruMaleella,Male,35
376,Vernon,Female,24
377,Connell,Male,52
378,Shami,Female,53
379,Femalelanagan,Female,37
380,Pond,Female,28
381,O'Brian,Male,50
382,Namrata,Female,40
383,Haushalter,Female,35
384,Maurice,Female,45
385,Snel,Female,35
386,Patrick,Female,18
387,Sung,Male,22
388,Mahima,Female,43
389,Charlotte,Female,48
390,Anubhaw,Male,28
391,Black,Female,31
392,Airdo,Female,23
393,Bhawna,Female,44
394,Corey-Lock,Female,34
395,Akin,Female,46
396,Neil,Female,43
397,Lisha,Male,21
398,AMalelan,Male,54
399,Inderpreet,Female,34
400,Femaleisher,Female,44
401,Linda,Female,29
402,Aryan,Female,38
403,Kajal,Female,55
404,Neola,Female,26
405,Murray,Female,46
406,BhishMale,Male,38
407,Sukruta,Female,47
408,Arti,Female,35
409,Akshay,Female,31
410,Swati,Female,26
411,Mathew,Female,41
412,Kushal,Female,42
413,Luxemburg,Female,49
414,Bharat,Female,44
415,Sharda,Female,31
416,Steele,Male,31
417,Hazel,Female,27
418,Shariari,Female,32
419,Brittain,Male,66
420,Shiva,Female,28
421,Noah,Female,52
422,Kotsonis,Female,19
423,Sanjay,Female,45
424,Alejandro,Male,53
425,Devendra,Female,36
426,Sujay,Female,41
427,Moren,Female,22
428,Neola,Female,30
429,Philippe,Male,46
430,Patterson,Female,47
431,George,Female,29
432,Rohan,Female,28
433,DivyeshkuMalear,Male,53
434,DivyeshkuMalear,Male,53
435,Lynn,Male,15
436,Bhawna,Male,40
437,Mitch,Female,35
438,Ivan,Female,33
439,Avila,Female,40
440,Ben,Female,52
441,Amlan,Female,27
442,Diwakar,Female,45
443,Sharelle,Female,48
444,Amisha,Female,38
445,William,Female,33
446,Femaleoulston,Female,47
447,Femaleerrer,Female,40
448,Maleuskan,Male,47
449,Stuart,Male,44
450,Beth,Female,46
451,Sauptik,Female,50
452,Pistek,Female,49
453,Muhammed,Female,29
454,Piyam,Female,53
455,Hemant,Female,42
456,Dowd,Male,51
457,Bixby,Female,26
458,Brandow,Male,30
459,Howell,Female,33
460,Ananya,Male,34
461,Sibella,Male,26
462,Wale,Female,46
463,Kritika,Female,36
464,Neola,Male,26
465,Parth,Female,50
466,Brooke,Male,32
467,Barcio,Female,38
468,Pelletier,Female,41
469,Michelle,Female,43
470,Bharat,Male,40
471,Divyansh,Female,26
472,Raglin,Female,36
473,Kajal,Female,50
474,Natalie,Female,32
475,Mrunal,Female,47
476,Nikita,Female,51
477,Siddharth,Female,36
478,Cindy,Male,42
479,Savi,Female,32
480,Yaanvi,Male,48
481,Kalyani,Female,32
482,MalecCrossin,Male,41
483,Calhoun,Female,54
484,Selesnick,Female,33
485,Parakh,Female,30
486,Neola,Female,29
487,Vaibhavi,Female,27
488,Cari,Male,51
489,Sink,Male,43
490,Geld,Male,31
491,Maleartinez,Male,72
492,Ameesha,Female,39
493,Jamie,Female,31
494,MalecCarthy,Male,42
495,Chad,Female,40
496,Prichep,Female,26
497,Lanier,Female,27
498,Sukrith,Female,39
499,Elliston,Female,25
500,Bergman,Female,55
501,Arthur,Female,29
502,Murray,Female,50
503,Toch,Female,30
504,Dahlen,Male,31
505,Randy,Female,34
506,Pradeep,Female,33
507,Aayushi,Male,30
508,Aparajita,Female,29
509,Arsheen,Female,49
510,Becky,Female,34
511,Aniket,Female,42
512,Gute,Male,38
513,Gopal,Male,26
514,Soumya,Female,28
515,Cathy,Female,40
516,Jason,Male,54
517,Gjertsen,Female,47
518,Keshav,Male,19
519,Zydlo,Female,41
520,Staavos,Male,41
521,Femaleein,Female,24
522,Aastha,Female,23
523,Lloyd,Female,25
524,Harshita,Female,29
525,Kirkland,Male,34
526,Trafton,Male,29
527,Shahid,Female,26
528,Dodson,Female,83
529,Redmond,Female,55
530,Payne,Female,37
531,Jamie,Female,34
532,Cousins,Male,29
533,Eva,Female,23
534,Mary,Female,51
535,Kennedy,Female,39
536,Swetha,Female,41
537,Maleaxwell,Male,20
538,Eno,Female,52
539,Eugene,Male,53
540,Sumeet,Female,48
541,Michelle,Female,31
542,Edelman,Female,55
543,Rose,Male,40
544,Ballard,Female,45
545,Erica,Male,26
546,Sheetal,Male,52
547,Sweta,Female,27
548,Jim,Female,35
549,Pond,Female,27
550,Pinky,Male,42
551,Eleni,Female,28
552,KlaMaleczynski,Male,28
553,Bellavance,Female,35
554,Talbott,Female,28
555,Dheeraj,Female,35
556,Skach,Female,48
557,Gary,Female,28
558,Sharda,Female,26
559,Zeldin,Female,21
560,Murdock,Female,19
561,Wardle,Male,20
562,Lloyd,Male,25
563,Dhanraj,Male,39
564,Suhani,Female,52
565,Staebel,Female,20
566,Syed,Male,52
567,Lonsdale,Male,34
568,Murry,Female,47
569,MalecClure,Male,77
570,Payne,Female,41
571,Skye,Female,24
572,Nishi,Female,27
573,Vishakha,Female,27
574,Doherty,Female,28
575,Patil,Male,87
576,Jaideep,Male,79
577,Joy,Male,27
578,Nishant,Female,35
579,Collister,Male,20
580,Gopal,Male,26
581,Gonzalez,Female,36
582,Anjali,Male,71
583,Prashant,Male,47
584,Sink,Male,44
585,Ryan,Female,32
586,Bhishm,Female,40
587,Sauptik,Female,47
588,Swetlana,Female,31
589,Eugene,Female,49
590,McGrath,Female,34
591,Ritsa,Female,51
592,Ross,Male,88
593,Samiksha,Female,28
594,Sayre,Female,29
595,Carreira,Male,41
596,Bhaggyasree,Female,30
597,Moumita,Female,35
598,Cacioppo,Female,30
599,Speros,Female,21
600,Femaleilia,Female,52
601,LaMalepkin,Male,44
602,Sink,Female,41
603,James,Female,45
604,Hendricks,Female,40
605,Kushal,Male,32
606,Chetan,Female,35
607,Nirja,Female,31
608,Neola,Female,33
609,Aditya,Female,37
610,Pradeep,Female,37
611,Femalearhat,Female,45
612,Nikita,Male,22
613,Ramesh,Female,32
614,Seio,Male,34
615,Anchal,Female,53
616,Guthrie,Female,47
617,Rosenblatt,Male,58
618,Aniket,Female,43
619,Reiter,Female,88
620,Rosenberg,Female,28
621,Gelder,Female,30
622,Ashwin,Female,41
623,Brooks,Female,19
624,Sauptik,Female,47
625,Moray,Female,33
626,Maleayank,Male,38
627,Gonzalez,Female,22
628,Jackson,Male,41
629,Neha,Female,31
630,Nunn,Female,45
631,Cyma,Female,50
632,Aarushi,Male,43
633,Gnade,Female,72
634,Priyanka,Male,82
635,Abhijeet,Female,43
636,Beltran,Female,41
637,Parks,Male,36
638,Brian,Male,87
639,Gibson,Female,34
640,Ann,Female,32
641,Jitesh,Male,62
642,Luke,Male,24
643,Shirley,Female,29
644,Aarushi,Male,36
645,Richard,Female,44
646,Roger,Female,26
647,PeterMalean,Male,33
648,Randy,Female,33
649,Kennedy,Female,20
650,Prescott,Female,92
651,Blumstein,Female,55
652,Mane,Female,52
653,Corey-Lock,Female,26
654,Harivansh,Male,22
655,WillMalean,Male,35
656,Ken,Female,40
657,Seio,Male,41
658,Carreira,Male,36
659,percer,Male,45
660,Lee,Male,36
661,Bhawna,Female,40
662,Akshata,Female,26
663,O'Brian,Female,47
664,Craven,Female,24
665,Sandra,Male,29
666,Shweta,Male,50
667,Ashbrook,Female,51
668,MalecNair,Male,34
669,Phan,Female,16
670,Dianna,Female,51
671,Barnes,Female,26
672,Swint,Female,29
673,Alejandro,Male,52
674,Swetha,Female,36
675,Shivangi,Male,39
676,Turumella,Female,33
677,Subhashree,Female,33
678,Ludtke,Female,24
679,Abhijit,Male,26
680,Reichenbach,Male,30
681,Roach,Female,49
682,Kalyani,Female,30
683,Medina,Female,29
684,Rob,Female,38
685,Surbhi,Female,33
686,Atul,Male,33
687,HeMaleangi,Male,34
688,Nat,Female,26
689,NeoMalea,Male,52
690,Kristina,Male,44
691,Denise,Female,72
692,Murdock,Female,32
693,Shruti,Male,27
694,Hazard,Female,38
695,Chuck,Female,30
696,Barcio,Male,55
697,Hawkins,Female,36
698,Pardue,Male,37
699,Fuller,Male,34
700,Ober,Female,25
701,Kristen,Male,39
702,Sudheer,Male,38
703,Vipul,Male,37
704,Greene,Male,21
705,Phan,Male,12
706,Cacioppo,Female,63
707,Skach,Female,31
708,percer,Female,43
709,Carter,Female,28
710,Alyssa,Male,35
711,CaFemaleFemaleey,Female,12
712,Dowd,Female,53
713,Jackson,Female,41
714,Ann,Female,34
715,Ed,Female,21
716,Quincy,Female,43
717,Sanjay,Female,42
718,Sidharth,Female,34
719,HoffMalean,Male,32
720,Rutuja,Female,51
721,Lawera,Male,45
722,Gene,Male,21
723,Kimmel,Female,46
724,Delaney,Female,31
725,Joy,Female,17
726,Pawlan,Female,20
727,Sonia,Female,27
728,George,Male,32
729,Deanra,Female,18
730,liebe,Female,28
731,Phelps,Female,23
732,Masurkar,Female,30
733,Talbott,Male,16
734,Steven,Male,13
735,Daniels,Male,53
736,Troy,Female,34
737,Gjertsen,Female,31
738,Eva,Female,25
739,Shantanu,Female,28
740,Nripraj,Female,40
741,Ashmeet,Female,13
742,Sandra,Female,25
743,Jim,Female,29
744,Engle,Female,29
745,Ludtke,Female,21
746,Dean,Female,18
747,Ashley,Male,55
748,Goranitis,Female,67
749,Minnotte,Female,26
750,Dana,Male,45
751,Hitika,Female,26
752,Maleautz,Male,39
753,Gopal,Male,26
754,Asish,Male,32
755,Ginny,Female,27
756,Soodesh,Female,44
757,Harrigan,Female,34
758,Bixby,Female,31
759,Akash,Female,27
760,Madhulika,Female,21
761,Eplett,Male,54
762,Hirsh,Female,32
763,Phonely,Female,18
764,Karlsson,Female,55
765,Savi,Female,55
766,Aditya,Male,28
767,Rutuja,Female,51
768,Rob,Female,31
769,Rob,Female,36
770,Phillina,Female,45
771,Kinney,Female,30
772,Moray,Female,43
773,Airdo,Female,34
774,Caudle,Female,29
775,Muskan,Female,32
776,Delaney,Female,27
777,Gross,Female,38
778,Indulekha,Female,39
779,Kipp,Female,28
780,Sonal,Male,29
781,Mahima,Female,19
782,Bolton,Male,28
783,Ludwig,Female,38
784,Lonsdale,Female,49
785,Femaleerrer,Female,43
786,Nishant,Female,31
787,Divyeta,Female,43
788,PiyaMale,Male,24
789,Hrisheekesh,Female,45
790,Atharv,Female,22
791,MalecAdaMales,Male,20
792,Riya,Female,29
793,Shaily,Female,30
794,Roach,Male,38
795,Sink,Female,39
796,Femaleritzler,Female,18
797,Neola,Female,30
798,Pratyusmita,Female,41
799,Abhishek,Female,23
800,Hildebrand,Female,31
801,Akshat,Male,23
802,Soltero,Female,50
803,Akshat,Male,23
804,Anchal,Female,52
805,Andreadi,Female,35
806,Christy,Male,52
807,Sandra,Male,28
808,Maleayank,Male,28
809,Aromal,Female,24
810,Brooke,Male,23
811,Becky,Male,29
812,Becky,Male,29
813,Staavos,Male,43
814,Cooley,Female,23
815,Mahima,Female,36
816,Anemone,Female,23
817,Kartik,Male,34
818,Bryan,Male,20
819,Keshav,Male,19
820,Phillina,Female,42
821,Martinez,Female,71
822,Guy,Female,49
823,Dipali,Male,52
824,Carl,Female,19
825,Bhawna,Female,41
826,Eleni,Female,29
827,Dianna,Female,30
828,Tom,Female,39
829,Jitesh,Female,50
830,Kishwar,Female,16
831,AMaleisha,Male,31
832,Sunley,Male,18
833,Yogesh,Male,67
834,Heidel,Female,54
835,Dashyam,Female,21
836,Laura,Female,35
837,Victor,Female,32
838,Jesal,Female,31
839,Sanjna,Female,34
840,Lori,Female,47
841,Conant,Female,28
842,Laalji,Male,26
843,Aishwarya,Female,53
844,Bhishm,Female,43
845,Monton,Female,35
846,Kartik,Female,27
847,Maleitch,Male,35
848,Rose,Female,18
849,Geld,Female,48
850,Sukant,Female,31
851,Ashvini,Male,26
852,Shardul,Female,20
853,Sibella,Male,53
854,Bhargav,Female,27
855,Bhaggyasree,Female,32
856,Haberlin,Female,33
857,Bhargav,Female,32
858,Weiss,Female,27
859,Garverick,Male,28
860,Prichep,Female,28
861,Duston,Female,25
862,Nockton,Female,29
863,Jahan,Female,34
864,McCrary,Female,47
865,Gaurav,Female,41
866,Dunbar,Female,26
867,O'Rourke,Female,49
868,Akanksha,Female,90
869,Koutras,Female,56
870,Aromal,Female,26
871,Luke,Male,29
872,Sheldon,Female,33
873,Brosina,Female,34
874,Crebassa,Female,23
875,Dona,Female,43
876,Maleonica,Male,51
877,Brown,Female,48
878,Lloyd,Female,19
879,Craig,Female,63
880,Cartwright,Female,26
881,Bavinger,Female,37
882,Chapman,Female,19
883,Dawkins,Female,20
884,Manning,Female,36
885,Aarushi,Female,43
886,Wilson,Male,52
887,Jesus,Female,22
888,Femalearah,Female,21
889,Hendricks,Male,20
890,Vasudev,Male,26
891,Toch,Female,44
892,Dilbeck,Female,26
893,Kastensmidt,Female,32
894,Tejeswini,Female,33
895,Harsh,Male,47
896,Harsh,Male,47
897,William,Female,26
898,Sakshi,Male,25
899,Kasheen,Female,32
900,Shreya,Male,92
901,Aryan,Male,28
902,Sukant,Female,23
903,Christina,Female,38
904,Gelder,Female,31
905,Heidel,Male,35
906,Nat,Male,42
907,LaWare,Female,30
908,Aditi,Female,19
909,Catlett,Male,32
910,Katz,Female,29
911,Yash,Male,44
912,Roper,Male,52
913,Dortch,Female,18
914,Shreyshi,Female,29
915,Lomonaco,Female,34
916,Maleadhav,Male,26
917,Ishit,Female,30
918,Raksha,Female,22
919,Carreira,Female,38
920,Sujay,Female,44
921,Logan,Female,35
922,Vishakha,Female,27
923,Crebagga,Female,19
924,Sweta,Female,32
925,Gelder,Female,34
926,SubhasMaleita,Male,16
927,Zrebassa,Female,32
928,Crebagga,Female,46
929,Akash,Female,31
930,Vrinda,Male,45
931,Donovan,Female,19
932,Nikhil,Female,50
933,Kritika,Female,54
934,Avila,Male,32
935,Cathy,Female,43
936,Alex,Male,43
937,Weiss,Female,26
938,Burns,Female,39
939,Ankita,Female,24
940,Magdelene,Female,29
941,Maris,Female,23
942,Vaibhav,Female,29
943,McAFemaleee,Female,41
944,Femalelanagan,Female,37
945,Lee,Female,41
946,Divyansha,Female,52
947,Alejandro,Female,53
948,Manjiri,Female,41
949,Shatayu,Male,25
950,Grayson,Female,34
951,PratyusMaleita,Male,19
952,Suzanne,Male,30
953,CyMalea,Male,37
954,Wale,Female,29
955,Pranav,Female,90
956,Maleanshul,Male,30
957,Ayush,Male,32
958,Tran,Female,33
959,Maleanibalan,Male,67
960,Nishant,Male,33
961,Rachel,Female,22
962,Southworth,Female,28
963,Venier,Female,26
964,Aryan,Female,36
965,Uudhav,Female,37
966,Dickinson,Female,29
967,Roberts,Female,29
968,Kirkland,Female,26
969,Amisha,Female,36
970,Andreadi,Female,31
971,Knudson,Male,25
972,Baptist,Female,51
973,Champaklata,Female,44
974,Randy,Female,33
975,Jay,Female,19
976,Vikash,Female,38
977,Patil,Female,30
978,Greene,Male,20
979,Sakshi,Female,75
980,Mukesh,Female,44
981,Weirich,Male,48
982,ThoMaleas,Male,27
983,Delaney,Female,19
984,Neola,Female,31
985,Erica,Female,19
986,Sandra,Female,25
987,Anurag,Female,21
988,Reichenbach,Male,52
989,Brian,Female,82
990,Perrino,Female,30
991,Pardue,Female,20
992,Hazard,Female,24
993,Philisse,Male,28
994,Suhani,Female,42
995,Kunst,Female,35
996,Collister,Male,22
997,Reiten,Female,38
998,Khloe,Female,31
999,Anisha,Male,35
1000,Anisha,Male,35
1001,Dario,Male,35
1002,Neil,Female,39
1003,Doug,Female,25
1004,Ginny,Male,27
1005,Hrisheekesh,Female,34
1006,Barton,Female,20
1007,Malerunal,Male,50
1008,Philip,Female,46
1009,Champaklata,Female,43
1010,Shaily,Female,34
1011,Harton,Male,44
1012,Naresj,Female,13
1013,SuMalean,Male,39
1014,Eva,Female,18
1015,Akshay,Male,27
1016,Brian,Female,32
1017,Fuller,Male,31
1018,Lalita,Female,54
1019,Barcio,Male,49
1020,Vaibhav,Female,30
1021,Shreyoshe,Female,24
1022,PratyusMaleita,Male,25
1023,Jacobs,Male,35
1024,Noonan,Female,24
1025,Sauptik,Male,71
1026,Nguyen,Male,49
1027,Kampe,Female,46
1028,Tanvi,Female,37
1029,Redmond,Female,42
1030,Olvera,Female,32
1031,Nockton,Female,32
1032,Gopal,Male,26
1033,Liza,Female,12
1034,Cynthia,Male,15
1035,Muhammed,Female,15
1036,Lela,Male,32
1037,Emerson,Female,40
1038,Vandana,Male,20
1039,Bhavna,Male,31
1040,Moren,Female,35
1041,Linda,Female,23
1042,Femalearhat,Female,33
1043,Karandeep,Male,20
1044,Charika,Female,30
1045,Praneet,Female,22
1046,Lakshmi,Female,35
1047,Hagelstein,Male,38
1048,Atkinson,Male,49
1049,RedMaleond,Male,52
1050,Paul,Female,53
1051,Hirasaki,Female,49
1052,Corey-Lock,Male,19
1053,Buch,Female,81
1054,Neola,Male,32
1055,Kriz,Female,28
1056,Kartikay,Female,39
1057,Joe,Male,53
1058,Kushal,Female,37
1059,Nandita,Female,55
1060,Dorothy,Female,29
1061,Catlett,Male,26
1062,Jenkins,Female,38
1063,Emily,Female,34
1064,Srishti,Female,21
1065,Herbert,Male,33
1066,Karen,Female,34
1067,Vasudev,Male,26
1068,Brown,Female,21
1069,Aayushi,Female,43
1070,Karen,Female,32
1071,Aditya,Male,28
1072,Aditya,Male,28
1073,Sudevi,Male,17
1074,Megha,Female,22
1075,Barton,Female,21
1076,Priyanka,Female,66
1077,Barton,Male,17
1078,Ralph,Female,35
1079,Goldenen,Female,43
1080,Cousins,Female,23
1081,Vasudev,Male,26
1082,Edelman,Female,53
1083,Logan,Female,52
1084,Haushalter,Female,32
1085,Harsh,Female,21
1086,Pooja,Female,37
1087,Brooks,Female,38
1088,Martin,Female,44
1089,Shourya,Female,33
1090,Monu,Female,31
1091,Rose,Female,24
1092,Martinez,Female,51
1093,McCrossin,Female,34
1094,Lisha,Male,43
1095,Gonzalez,Female,20
1096,Tate,Male,64
1097,Meghana,Female,21
1098,Jesslyn,Male,27
1099,Femalelashing,Female,47
1100,Jeremy,Female,20
1101,Hazel,Female,32
1102,William,Female,31
1103,Phan,Male,13
1104,Parna,Female,45
1105,Vicky,Male,36
1106,Linda,Female,34
1107,Ajay,Female,49
1108,Shaily,Female,35
1109,Jasper,Female,36
1110,Martinez,Female,28
1111,Cox,Female,50
1112,Arntzen,Female,32
1113,Chikku,Female,23
1114,Debra,Female,30
1115,Ameesha,Female,41
1116,Amlan,Female,31
1117,Blanton,Male,49
1118,Trevino,Male,28
1119,Ballard,Male,38
1120,Cathy,Female,25
1121,Logan,Female,13
1122,Hastings,Male,52
1123,Turumella,Female,35
1124,Jenkins,Female,47
1125,Emily,Female,29
1126,Elpida,Female,30
1127,John,Male,30
1128,Dashyam,Female,29
1129,Bharat,Female,41
1130,Roland,Male,20
1131,BÃ¼hler,Male,23
1132,Vikash,Female,45
1133,Marley,Female,26
1134,Pratiksha,Female,44
1135,Marley,Female,38
1136,Jamie,Female,35
1137,James,Female,40
1138,Collister,Male,25
1139,Grant,Female,28
1140,Federle,Male,24
1141,Blanton,Female,51
1142,Olsen,Male,28
1143,Darley,Female,18
1144,Nidhi,Male,30
1145,Krutika,Female,28
1146,Thornton,Female,50
1147,Ajay,Female,50
1148,Kirti,Female,19
1149,Karandeep,Female,30
1150,Moren,Female,23
1151,Brian,Female,73
1152,Gardner,Female,31
1153,WilliaMales,Male,27
1154,Bhawna,Female,51
1155,Navdeep,Female,23
1156,Bell-,Female,46
1157,Sandeep,Female,31
1158,Sandeep,Female,28
1159,Sheetal,Female,33
1160,Harton,Female,20
1161,Jenna,Female,33
1162,Parakh,Female,34
1163,Ashwin,Female,35
1164,Herman,Female,24
1165,William,Female,27
1166,Magee,Female,26
1167,Pamela,Female,35
1168,Gardner,Male,55
1169,Lycoris,Female,30
1170,Nunn,Female,44
1171,Seite,Male,29
1172,Lucas,Male,40
1173,Alan,Male,26
1174,Saurabh,Female,30
1175,Haberlin,Female,29
1176,Frazer,Male,30
1177,Delfina,Male,33
1178,Franz,Male,53
1179,Sabah,Female,39
1180,Shreya,Male,49
1181,Bhishm,Female,29
1182,Chandni,Female,33
1183,Rachna,Female,31
1184,Deanra,Female,47
1185,Saloni,Male,22
1186,BruMaleley,Male,40
1187,Norvell,Female,23
1188,Rohan,Female,28
1189,Bathina,Female,23
1190,Airdo,Female,35
1191,Epp,Female,24
1192,Aishwarya,Female,51
1193,Klamczynski,Female,54
1194,Bradley,Female,47
1195,Hwang,Female,28
1196,Zettner,Female,22
1197,Crebassa,Female,18
1198,Hood,Male,20
1199,OverFemaleelt,Female,21
1200,Blacks,Female,19
1201,Jarboe,Male,45
1202,Inderpreet,Female,84
1203,Toch,Female,28
1204,Triggs,Female,14
1205,Yohann,Female,47
1206,Shivani,Female,45
1207,Vipul,Female,43
1208,Maleitali,Male,16
1209,Brittain,Male,19
1210,Caroline,Female,41
1211,Lakshmi,Female,35
1212,Etezadi,Female,28
1213,Aayushi,Male,40
1214,Shreyshi,Female,31
1215,SMaleayling,Male,28
1216,Tate,Male,31
1217,Paridhi,Female,50
1218,Patel,Female,52
1219,Baird,Female,34
1220,Atkinson,Female,76
1221,Thais,Male,36
1222,Vasudev,Male,26
1223,Sandra,Female,35
1224,Engle,Female,23
1225,Vaibhavi,Female,26
1226,Catini,Female,46
1227,Cortes,Male,20
1228,Palak,Female,39
1229,Meghana,Female,39
1230,Reiten,Male,27
1231,Hagelstein,Male,42
1232,Duhita,Male,40
1233,Eno,Female,46
1234,Cari,Female,21
1235,Pardue,Female,52
1236,Sandra,Female,23
1237,Castell,Male,32
1238,Gayman,Female,66
1239,Marley,Female,39
1240,Soltero,Male,53
1241,Eileen,Male,21
1242,Candace,Female,18
1243,Ashbrook,Female,33
1244,Adhvaita,Female,38
1245,Noonan,Male,36
1246,Bhaggyasree,Male,47
1247,Crebagga,Female,48
1248,Lynn,Male,53
1249,Fuller,Male,34
1250,Dorothy,Female,34
1251,Dipali,Male,53
1252,Lauren,Female,40
1253,Phonely,Female,30
1254,MalecGuire,Male,30
1255,John,Female,34
1256,Ken,Male,30
1257,JuMaleper,Male,46
1258,Meador,Female,20
1259,Harry,Female,29
1260,MoFemaleFemaleitt,Female,24
1261,Asish,Female,34
1262,Kartik,Female,35
1263,Cathy,Female,43
1264,Reichenbach,Female,32
1265,Hazel,Female,29
1266,Clytie,Female,28
1267,Weimer,Female,27
1268,JaMalees,Male,21
1269,Dianna,Female,34
1270,Shourya,Female,30
1271,Elliston,Female,38
1272,Frazer,Male,27
1273,Aastha,Male,30
1274,Sorensen,Male,30
1275,Ken,Male,31
1276,Howell,Female,31
1277,Deanra,Female,48
1278,Sonal,Male,28
1279,Chong,Male,48
1280,Collister,Male,19
1281,Ballard,Female,39
1282,Herbert,Male,34
1283,Alejandro,Female,53
1284,Noah,Female,51
1285,MaleouMaleita,Male,82
1286,Elpida,Female,27
1287,Duane,Male,53
1288,Eason,Male,25
1289,Deirdre,Male,45
1290,Maleeador,Male,19
1291,Shivani,Female,35
1292,Becky,Male,27
1293,Rutuja,Male,18
1294,Malerinal,Male,31
1295,Marina,Female,26
1296,Aastha,Male,21
1297,Savi,Female,31
1298,Masurkar,Female,24
1299,Lakshmi,Female,35
1300,Syed,Female,31
1301,Frazer,Male,30
1302,Eudokia,Female,32
1303,Shantanu,Female,30
1304,Hazel,Female,33
1305,Conant,Male,30
1306,Hwang,Male,44
1307,MacAllister,Female,36
1308,Femaleein,Female,24
1309,LaWare,Male,28
1310,Jordon,Male,36
1311,Rane,Female,35
1312,Mull,Female,21
1313,Keith,Female,37
1314,Jonathan,Male,51
1315,Barnes,Female,55
1316,Lalita,Female,55
1317,Phillip,Male,39
1318,James,Female,36
1319,Ginny,Female,31
1320,Coyne,Female,35
1321,HoFemaleFemalemann,Female,27
1322,Eudokia,Female,33
1323,Chetan,Female,34
1324,Champaklata,Female,39
1325,Saptadeep,Female,32
1326,Steve,Male,50
1327,Kritika,Female,54
1328,Brenda,Female,30
1329,Reese,Female,27
1330,Patil,Female,67
1331,Olsen,Female,41
1332,Seth,Male,38
1333,Allen,Female,37
1334,Jordon,Female,49
1335,Herrera,Female,29
1336,Poddar,Female,42
1337,Jeremy,Female,55
1338,Ricardo,Female,29
1339,Ginny,Female,29
1340,Nikhil,Female,47
1341,Bremer,Female,30
1342,Nikhil,Female,50
1343,Crier,Male,55
1344,Kampe,Female,47
1345,Shreyshi,Female,33
1346,Ryan,Female,42
1347,Lauren,Male,48
1348,Bremer,Female,26
1349,Pelletier,Female,47
1350,Gelder,Female,35
1351,Ananya,Female,52
1352,Gelder,Female,27
1353,Bhawna,Female,41
1354,Barchas,Male,26
1355,Hwang,Female,35
1356,Kartikay,Female,33
1357,Nida,Female,40
1358,Akshat,Female,27
1359,Shikhar,Female,44
1360,Malerunal,Male,49
1361,Femalearhat,Female,41
1362,Sumeet,Female,42
1363,Martinez,Female,55
1364,Erica,Male,28
1365,MaleahiMalea,Male,16
1366,Akin,Female,48
1367,Christina,Female,42
1368,Suman,Female,43
1369,Hemangi,Female,35
1370,MaleouMaleita,Male,86
1371,Roach,Male,45
1372,Roach,Male,45
1373,Aayushi,Male,54
1374,Halladay,Male,32
1375,Hallsten,Female,50
1376,Mohan,Female,29
1377,Emily,Female,28
1378,Rosenberg,Female,31
1379,Sabah,Female,31
1380,McNair,Female,27
1381,Barreto,Female,33
1382,Hackney,Male,52
1383,Brittain,Male,21
1384,Aayush,Female,33
1385,Swetlana,Female,33
1386,Kanak,Female,40
1387,Spruell,Male,52
1388,Siddharth,Female,44
1389,Carter,Female,46
1390,Dartt,Female,30
1391,Helen,Female,20
1392,Suman,Female,39
1393,Daly,Male,29
1394,Alice,Male,92
1395,Mitali,Female,31
1396,Aniket,Female,40
1397,Maleathis,Male,54
1398,Rittenbach,Female,33
1399,Pisteka,Male,87
1400,Pete,Female,36
1401,Prajakta,Female,49
1402,Weirich,Female,46
1403,Brian,Male,89
1404,Schild,Female,31
1405,Debra,Male,29
1406,Craven,Female,22
1407,Rutuja,Male,55
1408,Maleeade,Male,39
1409,Carter,Female,49
1410,Brosina,Female,31
1411,Bradley,Female,36
1412,ShivaMale,Male,23
1413,Soumyabrata,Female,41
1414,Dortch,Female,52
1415,Divsha,Female,32
1416,Mary,Female,26
1417,Inderpreet,Male,68
1418,Braxton,Female,33
1419,Hazel,Female,20
1420,Bharat,Female,55
1421,Tejeswini,Female,35
1422,Shourya,Female,29
1423,Bensley,Male,48
1424,Bensley,Male,48
1425,Ralph,Female,32
1426,Carol,Female,28
1427,Maleitch,Male,23
1428,Jenna,Female,26
1429,Keshav,Male,19
1430,Dortch,Female,45
1431,Preis,Male,23
1432,Diwakar,Female,44
1433,Pinky,Male,38
1434,Schnelling,Female,46
1435,Parks,Female,28
1436,Sean,Female,33
1437,Phillina,Male,37
1438,Swati,Female,49
1439,Siddharth,Female,44
1440,Gopal,Male,26
1441,Hitesh,Female,43
1442,Eno,Female,43
1443,Sally,Female,28
1444,Stuti,Female,34
1445,Bhargav,Female,33
1446,Schoenberger,Female,47
1447,Swetha,Female,37
1448,Bell-,Female,54
1449,Femaleortune-,Female,41
1450,Murray,Female,50
1451,Savely,Female,32
1452,Pauline,Female,43
1453,Kartik,Female,34
1454,Mills,Female,27
1455,Jitesh,Female,87
1456,Caroline,Female,26
1457,Adrian,Male,40
1458,Campbell,Female,50
1459,Butterfield,Male,16
1460,Hane,Male,35
1461,Robert,Female,18
1462,Patel,Female,52
1463,Indulekha,Female,44
1464,Stuti,Female,26
1465,Femaleoster,Female,23
1466,Fuller,Male,41
1467,Vijay,Female,31
1468,Anna,Male,61
1469,Kartikay,Female,45
1470,Brockman,Female,47
1471,Denise,Male,91
1472,SouMaleyabrata,Male,26
1473,Ellis,Female,39
1474,Lalita,Female,53
1475,McFemalearland,Female,27
1476,Redmond,Female,42
1477,Kshitij,Female,35
1478,Dave,Female,35
1479,Jane,Female,31
1480,Stuart,Female,20
1481,Ameesha,Female,36
1482,Maleatthias,Male,31
1483,Pistek,Female,47
1484,Lycoris,Female,34
1485,Barton,Female,52
1486,Bryan,Male,22
1487,DeCherney,Female,33
1488,Ted,Male,15
1489,Femalelanagan,Female,28
1490,Maleathew,Male,45
1491,Philip,Female,47
1492,Sanjit,Female,44
1493,Kartikay,Female,39
1494,GillinghaMale,Male,43
1495,Divyeshkumar,Female,44
1496,Dryer,Male,49
1497,Parth,Female,48
1498,Glassco,Female,35
1499,McGuire,Female,35
1500,Nguyen,Female,18
1501,SuMaleeet,Male,47
1502,Shirley,Male,77
1503,Cyra,Male,20
1504,Sukant,Female,29
1505,Chikku,Male,28
1506,Vipul,Female,37
1507,Anand,Female,47
1508,Vishakha,Female,34
1509,Femalered,Female,26
1510,Lee,Male,43
1511,Oshin,Female,47
1512,Kasheen,Female,42
1513,NeoMalea,Male,32
1514,Sauptik,Male,47
1515,Julie,Female,48
1516,MaleitchuMale,Male,29
1517,Jonathan,Female,53
1518,Barnett,Male,85
1519,Lee,Female,32
1520,Derr,Female,27
1521,Jamie,Female,35
1522,Barnett,Male,19
1523,Moss,Female,21
1524,Femaleerguson,Female,38
1525,Sachs,Female,30
1526,Rosenberg,Male,47
1527,Harsh,Male,46
1528,Eaton,Male,51
1529,Corey-Lock,Female,26
1530,Patterson,Female,32
1531,Trevino,Male,32
1532,Bavinger,Female,41
1533,Prichep,Female,54
1534,Darren,Male,24
1535,Kunitz,Male,44
1536,Wener,Female,31
1537,Seite,Female,41
1538,Ankita,Female,25
1539,Bern,Female,42
1540,DeMaleoss,Male,53
1541,DeMaleoss,Male,53
1542,Soodesh,Female,35
1543,Burns,Female,39
1544,McClure,Female,30
1545,Syed,Female,30
1546,Dana,Female,48
1547,Rob,Female,30
1548,Vishakha,Female,28
1549,Hitesh,Female,42
1550,Rashmi,Female,39
1551,Knudson,Male,23
1552,Blanton,Female,51
1553,Kasheen,Female,42
1554,Vaibhav,Female,31
1555,Kunst,Male,40
1556,McGrath,Female,33
1557,Yoseph,Male,43
1558,Tulika,Male,36
1559,Ballard,Female,41
1560,Ritu,Female,39
1561,Swetha,Female,31
1562,HÃ¤berlin,Female,27
1563,Maleichelle,Male,31
1564,Sonal,Female,48
1565,Dhirajendu,Female,29
1566,Vivek,Female,24
1567,Yogesh,Female,39
1568,PratyusMaleita,Male,48
1569,Brian,Female,27
1570,Pamela,Female,32
1571,Seth,Female,45
1572,Yaanvi,Male,47
1573,Jim,Female,30
1574,Catini,Female,28
1575,Christopher,Female,31
1576,Amisha,Female,37
1577,Atkinson,Male,48
1578,Shrichand,Female,44
1579,Raglin,Female,50
1580,Saphhira,Female,38
1581,Anne,Female,25
1582,Ellison,Female,29
1583,Noshiba,Female,38
1584,Pippenger,Female,31
1585,Andrew,Female,48
1586,Jason,Male,54
1587,Bryan,Male,28
1588,Raymond,Female,42
1589,Maleurray,Male,33
1590,Harms,Female,22
1591,Krohn,Female,76
1592,Palak,Female,26
1593,Priyanshu,Male,54
1594,Shreyoshe,Female,33
1595,Farhat,Male,37
1596,Ashmi,Female,33
1597,Akshata,Female,35
1598,Maleathis,Male,52
1599,Aayush,Female,27
1600,Anderson,Female,32
1601,Manish,Female,45
1602,Chloris,Female,49
1603,Patterson,Female,26
1604,Becky,Female,37
1605,Braun,Female,55
1606,Jesslyn,Female,53
1607,Atul,Female,31
1608,Schoenberger,Female,27
1609,CaMalepbell,Male,45
1610,Zettner,Female,34
1611,Divyansh,Female,30
1612,Kunitz,Female,44
1613,Laalji,Male,44
1614,Parin,Male,68
1615,Waco,Female,30
1616,Prajakta,Female,31
1617,David,Female,42
1618,Dowd,Male,52
1619,Miller,Female,29
1620,Spruell,Male,54
1621,Victoria,Female,39
1622,HÃ¤berlin,Female,35
1623,Ginny,Female,26
1624,Kriz,Female,33
1625,Mansi,Female,28
1626,Richard,Female,45
1627,Steve,Male,47
1628,McCrossin,Female,36
1629,Shourya,Female,31
1630,Subhasmita,Female,44
1631,Murray,Female,14
1632,Nockton,Male,51
1633,Barroso,Female,45
1634,Femalereymann,Female,26
1635,Hughes,Female,38
1636,Sukant,Female,26
1637,Pelletier,Female,46
1638,Parishi,Female,41
1639,Resi,Female,40
1640,Cacioppo,Male,27
1641,Peterman,Female,33
1642,Mark,Female,21
1643,Blume,Female,38
1644,Sink,Male,45
1645,Pippenger,Female,81
1646,Michelle,Female,38
1647,McGuire,Female,31
1648,Carreira,Female,37
1649,Erica,Female,35
1650,Noel,Male,54
1651,Zeldin,Female,28
1652,Rozendal,Female,29
1653,Lalita,Female,51
1654,Gross,Female,30
1655,Mrunal,Female,49
1656,Bzostek,Female,30
1657,Tim,Female,21
1658,Kaydos,Female,51
1659,Pistole,Female,35
1660,Vaibhav,Female,42
1661,Nripraj,Female,42
1662,Olvera,Female,46
1663,Femalelashing,Female,28
1664,Monica,Female,35
1665,Chetan,Female,35
1666,Aayush,Male,43
1667,Marley,Female,43
1668,Eugene,Female,49
1669,Ralph,Female,33
1670,Gonzalez,Female,25
1671,Dona,Female,40
1672,O'Carroll,Female,52
1673,Pisteka,Female,27
1674,Kartikay,Male,37
1675,Spruell,Male,51
1676,Hughes,Female,40
1677,Guy,Male,26
1678,Monisha,Female,26
1679,Kalyani,Female,27
1680,CheathaMale,Male,52
1681,Charlotte,Female,48
1682,Dowd,Male,53
1683,Cartwright,Female,27
1684,Hudgings,Female,45
1685,Roelle,Female,30
1686,LatchFemaleord,Female,32
1687,Ordway,Female,43
1688,Rupert,Female,32
1689,O'Brian,Female,50
1690,Rashmi,Female,43
1691,Calhoun,Male,55
1692,Bensley,Female,47
1693,Yotov,Female,29
1694,Bzostek,Female,29
1695,Juliana,Female,46
1696,Swint,Female,41
1697,Oakman,Female,42
1698,Bremer,Female,29
1699,Michelle,Female,33
1700,Roach,Male,44
1701,Lichtenstein,Female,46
1702,Khloe,Male,64
1703,Morse,Female,42
1704,Leatherbury,Male,30
1705,Grant,Female,26
1706,Toch,Female,32
1707,Parhena,Female,41
1708,Barchas,Female,45
1709,Amy,Female,20
1710,Navdeep,Female,22
1711,Rawles,Female,52
1712,Mukund,Female,34
1713,Dianna,Female,33
1714,Gannaway,Female,34
1715,Shaily,Female,31
1716,Femaleoster,Female,20
1717,Ritu,Female,39
1718,Balk,Female,31
1719,Anand,Female,48
1720,Sanjay,Male,38
1721,Packer,Male,34
1722,Reiten,Female,42
1723,Mhatre,Female,40
1724,Femalelathmann,Female,35
1725,Chayanika,Female,34
1726,Quincy,Female,46
1727,Laalji,Male,41
1728,Sperren,Male,28
1729,Lopez,Male,20
1730,Atul,Female,35
1731,Schild,Male,42
1732,Ameesha,Female,37
1733,Trudy,Male,44
1734,Rishabh,Female,46
1735,Pardue,Female,43
1736,Braxton,Male,28
1737,Shivangi,Male,39
1738,Sissman,Female,34
1739,Ashvini,Male,46
1740,Sujay,Male,28
1741,Daly,Female,29
1742,Byrd,Female,53
1743,Neil,Male,53
1744,Quincy,Female,36
1745,Cox,Female,50
1746,Marley,Female,43
1747,Katherine,Female,38
1748,Catini,Female,27
1749,Sidharth,Female,35
1750,Scot,Male,45
1751,Perrino,Female,27
1752,William,Female,35
1753,Willman,Female,30
1754,Olsen,Female,38
1755,Ayush,Male,35
1756,Alan,Male,54
1757,Coram,Female,29
1758,Yana,Male,42
1759,Sarah,Male,30
1760,Lonsdale,Female,35
1761,Linda,Female,29
1762,Gunjal,Female,54
1763,Anubhaw,Female,29
1764,Surabhi,Female,26
1765,Scot,Male,28
1766,Cartwright,Female,28
1767,Zandusky,Female,21
1768,O'Rourke,Female,19
1769,Brad,Female,39
1770,Krishna,Female,44
1771,DeMaleir,Male,48
1772,Rutuja,Male,54
1773,Shivangi,Male,75
1774,Kimberly,Female,82
1775,Wilson,Female,29
1776,Ayush,Male,30
1777,Akanksha,Female,42
1778,Rittenbach,Female,29
1779,Yoseph,Female,48
1780,Caudle,Male,34
1781,Laurel,Male,14
1782,Haushalter,Female,26
1783,Webber,Female,30
1784,Apsingekar,Female,28
1785,Aaron,Male,41
1786,Rob,Female,28
1787,Alejandro,Female,53
1788,Tran,Female,31
1789,Herman,Female,26
1790,Gilcrest,Female,55
1791,Swint,Female,31
1792,Eleni,Male,52
1793,Company,Female,18
1794,Sonal,Female,46
1795,Alice,Male,58
1796,Philip,Male,50
1797,Armold,Female,35
1798,Amol,Female,35
1799,Bhargav,Female,32
1800,Maxwell,Female,30
1801,BruMalefield,Male,32
1802,Femalerank,Female,28
1803,Maleary,Male,55
1804,Aparajita,Female,30
1805,Vittorini,Male,36
1806,Femalelanagan,Female,41
1807,Victor,Female,30
1808,Femalejeld,Female,23
1809,O'Carroll,Male,36
1810,McCrossin,Female,39
1811,Avni,Female,35
1812,Ivan,Female,26
1813,Maris,Female,22
1814,Yana,Female,51
1815,Barton,Female,20
1816,Denny,Female,30
1817,Ramesh,Female,44
1818,Bensley,Male,50
1819,Eno,Male,53
1820,Parishi,Female,41
1821,Eugene,Female,46
1822,Stugart,Male,27
1823,Dahlen,Male,30
1824,Armstrong,Female,28
1825,Siddharth,Female,37
1826,Bruce,Female,34
1827,Chetan,Female,34
1828,Swati,Female,31
1829,Peter,Female,51
1830,Ratner,Female,27
1831,Claudia,Female,35
1832,Sukant,Female,33
1833,Dhirajendu,Female,35
1834,Myrick,Female,35
1835,Greer,Female,34
1836,MalecCarthy,Male,43
1837,Benoit,Male,35
1838,Abhijit,Female,25
1839,Dionis,Female,33
1840,Payne,Female,28
1841,Evan,Female,55
1842,Nancy,Female,31
1843,Pinky,Female,42
1844,Candace,Female,25
1845,Vasudev,Male,26
1846,Champaklata,Female,37
1847,Femalelanagan,Female,42
1848,Vaibhavi,Female,26
1849,Steven,Female,12
1850,Amlan,Female,55
1851,Naresj,Female,13
1852,Pisteka,Male,70
1853,Daniels,Male,62
1854,Shaun,Female,31
1855,Leinenbach,Male,44
1856,Monisha,Female,26
1857,Pooja,Female,31
1858,Namrata,Female,40
1859,Swati,Female,49
1860,Kartikay,Female,44
1861,McAFemaleee,Female,48
1862,Mull,Female,20
1863,BruMaleley,Male,38
1864,Akshay,Male,35
1865,Jack,Female,35
1866,Willman,Female,33
1867,Cacioppo,Female,34
1868,BickFemaleord,Female,30
1869,Sheri,Female,46
1870,Crouse,Female,31
1871,Shantanu,Female,27
1872,Gardner,Female,32
1873,Femaleritzler,Female,55
1874,Maleanshul,Male,32
1875,Greene,Female,24
1876,Heidel,Male,45
1877,Taslimi,Female,28
1878,Akshat,Male,22
1879,Bhawna,Female,44
1880,Schwartz,Female,41
1881,Galang,Male,34
1882,Karlsson,Female,55
1883,Gockenbach,Female,40
1884,Soltero,Female,48
1885,Dhirajendu,Female,29
1886,Noel,Male,30
1887,Maris,Female,15
1888,Soodesh,Male,29
1889,Ken,Female,26
1890,Shikhar,Male,29
1891,Thea,Male,23
1892,Turnell,Male,41
1893,Divyansh,Female,35
1894,Chong,Female,21
1895,Barnes,Male,19
1896,Rutuja,Female,20
1897,Karl,Female,23
1898,Sung,Male,22
1899,Becker,Female,36
1900,Cacioppo,Female,34
1901,Epp,Female,28
1902,Smayling,Female,18
1903,Chad,Female,36
1904,Daly,Female,18
1905,Willman,Female,33
1906,Sheldon,Female,32
1907,Maleanibalan,Male,36
1908,ShaMalei,Male,23
1909,Zettner,Male,37
1910,Kimberly,Female,22
1911,Abhijit,Male,34
1912,Watters,Female,54
1913,Indulekha,Female,39
1914,Abhijit,Male,31
1915,Mull,Female,18
1916,Prashant,Male,47
1917,Elias,Female,29
1918,Cortes,Female,81
1919,Pisteka,Female,90
1920,Maleyrick,Male,15
1921,Duhita,Male,34
1922,Hitesh,Male,38
1923,Gunjan,Male,29
1924,Noopur,Female,23
1925,Neil,Female,41
1926,Suhani,Female,40
1927,Kamberova,Female,41
1928,Lauren,Female,25
1929,Hughsby,Male,39
1930,Zydlo,Female,42
1931,Jasper,Female,40
1932,Hendricks,Male,24
1933,Joseph,Female,45
1934,Jacobs,Female,39
1935,Kane,Female,33
1936,Dario,Female,30
1937,Andrew,Female,50
1938,Hendricks,Male,26
1939,Dhirajendu,Female,23
1940,Atul,Female,27
1941,Barnes,Male,22
1942,Logan,Female,51
1943,Dortch,Male,21
1944,Hwang,Female,30
1945,Sara,Male,23
1946,Rutuja,Female,29
1947,Kushal,Female,52
1948,Davis,Female,23
1949,Parin,Female,31
1950,Farah,Male,42
1951,Chance,Female,39
1952,Yash,Male,43
1953,Sudheer,Female,34
1954,Vasudev,Male,26
1955,Kartik,Female,48
1956,Amlan,Female,24
1957,Dickinson,Female,26
1958,Cox,Female,47
1959,Vishakha,Female,27
1960,Swetha,Female,44
1961,Garza,Female,19
1962,Dona,Female,39
1963,Thea,Male,22
1964,Dartt,Female,12
1965,Maris,Female,21
1966,Shreya,Female,31
1967,Jesus,Female,23
1968,Ankit,Female,30
1969,Adhvaita,Female,36
1970,Ludtke,Female,24
1971,Gunjan,Male,44
1972,Lucas,Male,45
1973,Girase,Female,23
1974,Dortch,Female,38
1975,Mitchum,Female,31
1976,Utkarsh,Female,31
1977,Jasper,Female,39
1978,Lee,Female,28
1979,Ken,Female,42
1980,Shaily,Female,33
1981,Ted,Male,39
1982,Caroline,Male,15
1983,Vasudev,Male,26
1984,Garverick,Female,23
1985,AMaleol,Male,35
1986,Cyra,Female,31
1987,MacIntyre,Female,21
1988,Joni,Male,31
1989,Cohen,Male,32
1990,Prajakta,Female,31
1991,Gjertsen,Female,50
1992,Patil,Female,77
1993,Harold,Male,21
1994,Dortch,Male,53
1995,Suraj,Female,39
1996,Akshat,Female,35
1997,Akash,Female,32
1998,Shivam,Female,29
1999,Richard,Female,37
2000,Redmond,Female,53
2001,Chetan,Female,32
2002,Bergmann,Female,45
2003,BruMalefield,Male,31
2004,Katz,Female,87
2005,Kartikay,Female,38
2006,Prost,Male,21
2007,Rick,Male,40
2008,Trupti,Female,27
2009,Leinenbach,Female,44
2010,LaWare,Female,48
2011,Schoenberger,Female,47
2012,Daniel,Male,35
2013,Ankita,Female,18
2014,Charlotte,Female,50
2015,Zettner,Female,32
2016,Chand,Female,23
2017,Manshul,Female,28
2018,Elizabeth,Female,24
2019,Abhijit,Female,25
2020,Dana,Female,48
2021,Yogesh,Female,39
2022,HoFemaleFemaleman,Female,41
2023,Mathew,Female,36
2024,Hemant,Female,41
2025,Astrea,Male,30
2026,Adrian,Male,42
2027,Sharda,Female,28
2028,Hughsby,Male,36
2029,Skach,Female,51
2030,Kamberova,Female,35
2031,Medina,Female,41
2032,Crebagga,Female,47
2033,Parishi,Female,31
2034,HÃ¤berlin,Female,23
2035,Beth,Female,23
2036,Maleayank,Male,36
2037,JaMaleie,Male,36
2038,Gary,Female,30
2039,Shantanu,Female,39
